Lei CHEN	https://facultyprofiles.hkust-gz.edu.cn/faculty-personal-page/CHEN-Lei/leichen
Pan HUI	https://facultyprofiles.hkust-gz.edu.cn/faculty-personal-page/HUI-Pan/panhui
Vincent Kin Nang LAU	https://facultyprofiles.hkust-gz.edu.cn/faculty-personal-page/LAU-KinNang/eeknlau
Irene Man Chi Lo	https://facultyprofiles.hkust-gz.edu.cn/faculty-personal-page/Lo-ManChi/cemclo
Lionel Ming-Shuan NI	https://facultyprofiles.hkust-gz.edu.cn/faculty-personal-page/NI-LionelMing-Shuan/ni
Huamin QU	https://facultyprofiles.hkust-gz.edu.cn/faculty-personal-page/QU-Huamin/huamin
Fu-Gee TSUNG	https://facultyprofiles.hkust-gz.edu.cn/faculty-personal-page/TSUNG-Fu-Gee/season
Hui XIONG	https://facultyprofiles.hkust-gz.edu.cn/faculty-personal-page/XIONG-Hui/xionghui
Liuqing YANG	https://facultyprofiles.hkust-gz.edu.cn/faculty-personal-page/YANG-Liuqing/lqyang
Qiang YANG	https://facultyprofiles.hkust-gz.edu.cn/faculty-personal-page/YANG-Qiang/qyang
Qian ZHANG	https://facultyprofiles.hkust-gz.edu.cn/faculty-personal-page/ZHANG-Qian/qianzh
Xiaowen CHU	https://facultyprofiles.hkust-gz.edu.cn/faculty-personal-page/CHU-Xiaowen/xwchu
Qiong LUO	https://facultyprofiles.hkust-gz.edu.cn/faculty-personal-page/LUO-Qiong/luo
Danny Hin Kwok TSANG	https://facultyprofiles.hkust-gz.edu.cn/faculty-personal-page/TSANG-HinKwok/eetsang
Wei WANG	https://facultyprofiles.hkust-gz.edu.cn/faculty-personal-page/WANG-Wei/weiwcs
Kaishun WU	https://facultyprofiles.hkust-gz.edu.cn/faculty-personal-page/WU-Kaishun/wuks
Yang YANG	https://facultyprofiles.hkust-gz.edu.cn/faculty-personal-page/YANG-Yang/yyiot
Kang ZHANG	https://facultyprofiles.hkust-gz.edu.cn/faculty-personal-page/ZHANG-Kang/kzhangcma
Ying CUI	https://facultyprofiles.hkust-gz.edu.cn/faculty-personal-page/CUI-Ying/yingcui
Xinyi HUANG	https://facultyprofiles.hkust-gz.edu.cn/faculty-personal-page/HUANG-Xinyi/xinyi
Sung Hun KIM	https://facultyprofiles.hkust-gz.edu.cn/faculty-personal-page/KIM-SungHun/hunkim
DIRK KUTSCHER	https://facultyprofiles.hkust-gz.edu.cn/faculty-personal-page/KUTSCHER-DIRK/dku
Nan TANG	https://facultyprofiles.hkust-gz.edu.cn/faculty-personal-page/TANG-Nan/nantang
Felix Xin WANG	https://facultyprofiles.hkust-gz.edu.cn/faculty-personal-page/WANG-Xin/felixxinwang
Sean Sihong XIE	https://facultyprofiles.hkust-gz.edu.cn/faculty-personal-page/XIE-Sihong/sihongxie
Tengfei CHANG	https://facultyprofiles.hkust-gz.edu.cn/faculty-personal-page/CHANG-Tengfei/tengfeichang
Huangxun CHEN	https://facultyprofiles.hkust-gz.edu.cn/faculty-personal-page/CHEN-Huangxun/huangxunchen
Yingcong CHEN	https://facultyprofiles.hkust-gz.edu.cn/faculty-personal-page/CHEN-Yingcong/yingcongchen
Mingming FAN	https://facultyprofiles.hkust-gz.edu.cn/faculty-personal-page/FAN-Mingming/mingmingfan
Zijun GONG	https://facultyprofiles.hkust-gz.edu.cn/faculty-personal-page/GONG-Zijun/gongzijun
Varvara GULJAJEVA	https://facultyprofiles.hkust-gz.edu.cn/faculty-personal-page/GULJAJEVA-Varvara/varvarag
Guobiao HU	https://facultyprofiles.hkust-gz.edu.cn/faculty-personal-page/HU-Guobiao/guobiaohu
Zhilu LAI	https://facultyprofiles.hkust-gz.edu.cn/faculty-personal-page/LAI-Zhilu/zhilulai
Jia LI	https://facultyprofiles.hkust-gz.edu.cn/faculty-personal-page/LI-Jia/jialee
Lei LI	https://facultyprofiles.hkust-gz.edu.cn/faculty-personal-page/LI-Lei/thorli
Junwei LIANG	https://facultyprofiles.hkust-gz.edu.cn/faculty-personal-page/LIANG-Junwei/junweiliang
Yuxuan LIANG	https://facultyprofiles.hkust-gz.edu.cn/faculty-personal-page/LIANG-Yuxuan/yuxuanliang
Hao LIU	https://facultyprofiles.hkust-gz.edu.cn/faculty-personal-page/LIU-Hao/liuh
Li LIU	https://facultyprofiles.hkust-gz.edu.cn/faculty-personal-page/LIU-Li/avrillliu
Yuyu LUO	https://facultyprofiles.hkust-gz.edu.cn/faculty-personal-page/LUO-Yuyu/yuyuluo
RAUL GIANCARLO MARIA MASU	https://facultyprofiles.hkust-gz.edu.cn/faculty-personal-page/MASU-RAULGIANCARLOMARIA/raulmasu
Ying SUN	https://facultyprofiles.hkust-gz.edu.cn/faculty-personal-page/SUN-Ying/yings
Jing TANG	https://facultyprofiles.hkust-gz.edu.cn/faculty-personal-page/TANG-Jing/jingtang
Gareth John TYSON	https://facultyprofiles.hkust-gz.edu.cn/faculty-personal-page/TYSON-GarethJohn/gtyson
Hao WANG	https://facultyprofiles.hkust-gz.edu.cn/faculty-personal-page/WANG-Hao/haowang
Addison Lin WANG	https://facultyprofiles.hkust-gz.edu.cn/faculty-personal-page/WANG-Lin/linwang
Wenjia WANG	https://facultyprofiles.hkust-gz.edu.cn/faculty-personal-page/WANG-Wenjia/wenjiawang
Zeyu WANG	https://facultyprofiles.hkust-gz.edu.cn/faculty-personal-page/WANG-Zeyu/zeyuwang
Zeyi WEN	https://facultyprofiles.hkust-gz.edu.cn/faculty-personal-page/WEN-Zeyi/wenzeyi
Hong XING	https://facultyprofiles.hkust-gz.edu.cn/faculty-personal-page/XING-Hong/hongxing
David Kei Man YIP	https://facultyprofiles.hkust-gz.edu.cn/faculty-personal-page/YIP-DavidKeiMan/daveyip
Luwen YU	https://facultyprofiles.hkust-gz.edu.cn/faculty-personal-page/YU-Luwen/luwenyu
Wei ZENG	https://facultyprofiles.hkust-gz.edu.cn/faculty-personal-page/ZENG-Wei/weizeng
Theodoros PAPATHEODOROU	https://facultyprofiles.hkust-gz.edu.cn/faculty-personal-page/PAPATHEODOROU-Theodoros/theodoros
Rui HU	https://facultyprofiles.hkust-gz.edu.cn/faculty-personal-page/HU-Rui/ruihu
Jake Junjie ZHANG	https://facultyprofiles.hkust-gz.edu.cn/faculty-personal-page/ZHANG-Junjie/jakezhang
Meihui ZHANG	https://facultyprofiles.hkust-gz.edu.cn/faculty-personal-page/ZHANG-Meihui/meihuizhang
Xiao Fang ZHOU	https://facultyprofiles.hkust-gz.edu.cn/faculty-personal-page/ZHOU-XiaoFang/zxf
Xiang CHENG	https://facultyprofiles.hkust-gz.edu.cn/faculty-personal-page/CHENG-Xiang/2259
Jian GUO	https://facultyprofiles.hkust-gz.edu.cn/faculty-personal-page/GUO-Jian/jianguo
Feifei LI	https://facultyprofiles.hkust-gz.edu.cn/faculty-personal-page/LI-Feifei/983
Hang LI	https://facultyprofiles.hkust-gz.edu.cn/faculty-personal-page/LI-Hang/982
Shipeng LI	https://facultyprofiles.hkust-gz.edu.cn/faculty-personal-page/LI-Shipeng/shipengli
Jiangchuan LIU	https://facultyprofiles.hkust-gz.edu.cn/faculty-personal-page/LIU-Jiangchuan/2452
Tie-Yan LIU	https://facultyprofiles.hkust-gz.edu.cn/faculty-personal-page/LIU-Tie-Yan/987
Dou SHEN	https://facultyprofiles.hkust-gz.edu.cn/faculty-personal-page/SHEN-Dou/989
Keyang TANG	https://facultyprofiles.hkust-gz.edu.cn/faculty-personal-page/TANG-Keyang/keyangtang
Da Cheng TAO	https://facultyprofiles.hkust-gz.edu.cn/faculty-personal-page/TAO-DaCheng/988
Xiaoyu WANG	https://facultyprofiles.hkust-gz.edu.cn/faculty-personal-page/WANG-Xiaoyu/kevinxywang
Xing XIE	https://facultyprofiles.hkust-gz.edu.cn/faculty-personal-page/XIE-Xing/xingxie
Jie Ping YE	https://facultyprofiles.hkust-gz.edu.cn/faculty-personal-page/YE-JiePing/990
Jing YUAN	https://facultyprofiles.hkust-gz.edu.cn/faculty-personal-page/YUAN-Jing/jingyuan
Liang TAN	https://facultyprofiles.hkust-gz.edu.cn/faculty-personal-page/TAN-Liang/1654969293621956610
Dian ZHANG	https://facultyprofiles.hkust-gz.edu.cn/faculty-personal-page/ZHANG-Dian/1701354998665056256
Haijie HU	https://facultyprofiles.hkust-gz.edu.cn/faculty-personal-page/HU-Haijie/1599886379146547200
Bo Wen ZHOU	https://facultyprofiles.hkust-gz.edu.cn/faculty-personal-page/ZHOU-BoWen/bowenzhou
Chen ZHANG	https://facultyprofiles.hkust-gz.edu.cn/faculty-personal-page/ZHANG-Chen/chenzhang
